[{"model": "contenttypes.contenttype", "pk": 1, "fields": {"app_label": "auth", "model": "permission"}}, {"model": "contenttypes.contenttype", "pk": 2, "fields": {"app_label": "auth", "model": "group"}}, {"model": "contenttypes.contenttype", "pk": 3, "fields": {"app_label": "auth", "model": "user"}}, {"model": "contenttypes.contenttype", "pk": 4, "fields": {"app_label": "contenttypes", "model": "contenttype"}}, {"model": "contenttypes.contenttype", "pk": 5, "fields": {"app_label": "sessions", "model": "session"}}, {"model": "contenttypes.contenttype", "pk": 6, "fields": {"app_label": "sites", "model": "site"}}, {"model": "contenttypes.contenttype", "pk": 7, "fields": {"app_label": "admin", "model": "logentry"}}, {"model": "contenttypes.contenttype", "pk": 8, "fields": {"app_label": "survey", "model": "survey"}}, {"model": "contenttypes.contenttype", "pk": 9, "fields": {"app_label": "survey", "model": "category"}}, {"model": "contenttypes.contenttype", "pk": 10, "fields": {"app_label": "survey", "model": "question"}}, {"model": "contenttypes.contenttype", "pk": 11, "fields": {"app_label": "survey", "model": "response"}}, {"model": "contenttypes.contenttype", "pk": 12, "fields": {"app_label": "survey", "model": "answerbase"}}, {"model": "contenttypes.contenttype", "pk": 13, "fields": {"app_label": "survey", "model": "answertext"}}, {"model": "contenttypes.contenttype", "pk": 14, "fields": {"app_label": "survey", "model": "answerradio"}}, {"model": "contenttypes.contenttype", "pk": 15, "fields": {"app_label": "survey", "model": "answerselect"}}, {"model": "contenttypes.contenttype", "pk": 16, "fields": {"app_label": "survey", "model": "answerselectmultiple"}}, {"model": "contenttypes.contenttype", "pk": 17, "fields": {"app_label": "survey", "model": "answerinteger"}}, {"model": "contenttypes.contenttype", "pk": 18, "fields": {"app_label": "survey", "model": "fileupload"}}, {"model": "contenttypes.contenttype", "pk": 19, "fields": {"app_label": "survey", "model": "comment"}}, {"model": "sessions.session", "pk": "x3q4bthw96ijn4whswqp8grf9qlmxdeq", "fields": {"expire_date": "2017-04-05T20:28:09.232Z", "session_data": "ZDI2YWM4Y2FjMzMwMzVkODYyMTI4ZjU0MzBlNjFjNTJiMGIyYWE3Mjp7Il9hdXRoX3VzZXJfYmFja2VuZCI6ImRqYW5nby5jb250cmliLmF1dGguYmFja2VuZHMuTW9kZWxCYWNrZW5kIiwiaW1hZ2VzIjpbXSwiX2F1dGhfdXNlcl9pZCI6IjEiLCJfYXV0aF91c2VyX2hhc2giOiIwZGQyZjg0NmI3ZTNlMGEyZGJlYjc1MTMyMzNkNjAyMjE5YTdlNDhjIn0="}}, {"model": "sites.site", "pk": 1, "fields": {"domain": "example.com", "name": "example.com"}}, {"model": "survey.survey", "pk": 1, "fields": {"description": "<i>Take a few minutes to submit your ideas in the Applied Idealog. Be as detailed as you can, but don't take too much time. The AI team will reach out with questions, but would prefer not to bother you until we have something interesting to show!<br>\r\n<b>Note:</b> These ideas can only be seen by you and the AI team. </i>", "name": "Applied Idealog"}}, {"model": "survey.category", "pk": 1, "fields": {"survey": 1, "name": "General"}}, {"model": "survey.question", "pk": 1, "fields": {"text": "Describe the problem? ", "choices": "-What is the problem or opportunity (be as detailed as possible)? <br>\r\n-What causes the pain to increase / decrease? \r\n\r\nExample:\r\nInsurance claim forms originating at the Fremont North Memorial emergency department are causing a loss of revenue, excessive rework costs, and delayed payment to the hospital. Forty-five percent of the claim forms have errors, with an average of 2.3 defects per form. As claim volume increases with more regulation and sicker baby-boomers, this problem will be exacerbated. ", "category": 1, "required": false, "question_type": "text", "survey": 1}}, {"model": "survey.question", "pk": 2, "fields": {"text": "Describe your solution (if you have one)?", "choices": "-Why does this proposed solution solve the problem? <br>\r\n-What are the main features that act as pain relievers?\r\n\r\nExample:\r\nA software designed to detect when a new claim needs to be submitted based on a set of algorithmic rules. Software will assist in claim creation using text-completion from FNM database. Intelligent checking will be implemented to reduce errors.", "category": 1, "required": false, "question_type": "text", "survey": 1}}, {"model": "survey.question", "pk": 3, "fields": {"text": "Are there major assumptions or challenges with this solution?\r\n", "choices": "-What is the biggest thing keeping this solution from being successful? <br>\r\n-What are the assumptions made about the market or solution?\r\n\r\nExample:\r\n1. A major advanced in document digitization would be required to fully automate the claims process. \r\n2. Large regulatory forces exist preventing automation of claims submission. \r\n3. I assume that all specialties (not just emergency medicine) experience this pain. \r\n\r\n", "category": 1, "required": false, "question_type": "text", "survey": 1}}, {"model": "survey.question", "pk": 4, "fields": {"text": "Who will pay for this? ", "choices": "-Who benefits the most from having this problem solved? <br>\r\n-Who would be first likely customer (early adopter)?\r\n\r\nExample:\r\nThe insurance providers will pay a monthly fee for access to the software (estimated $500 per user). \r\n", "category": 1, "required": false, "question_type": "text", "survey": 1}}, {"model": "survey.question", "pk": 5, "fields": {"text": "Problem scale and network? ", "choices": "-To what extent to do you believe this problem exists across the industries or geographies? <br>\r\n-Can you provide possible contacts, leads, organizations, information stores, etc. to kickstart our research?\r\n\r\nExample:\r\nI believe it exists within numerous hospital systems and potentially within the automotive industry as well. \r\n\r\nContacts:\r\nBart Simpson - 212-555-3221 - b@simpson.com - Insurance Rep\r\nNed Flanders - 433-332-3234 - skinner@seymore.com - Physicians Assistant\r\nMontgomery Burns - 233-555-2322 - monty@burns.com - Hospital Owner\r\nRead - Hospital Weekly Magazine\r\nRead - http://www.upmc.com/locations/Pages/\r\n", "category": 1, "required": false, "question_type": "text", "survey": 1}}, {"model": "survey.answerbase", "pk": 1, "fields": {"created": "2017-03-22T18:31:03.791Z", "updated": "2017-03-22T18:31:03.791Z", "response": 1, "question": 5}}, {"model": "survey.answerbase", "pk": 2, "fields": {"created": "2017-03-22T18:31:03.834Z", "updated": "2017-03-22T18:31:03.834Z", "response": 1, "question": 1}}, {"model": "survey.answerbase", "pk": 3, "fields": {"created": "2017-03-22T18:31:03.874Z", "updated": "2017-03-22T18:31:03.874Z", "response": 1, "question": 4}}, {"model": "survey.answerbase", "pk": 4, "fields": {"created": "2017-03-22T18:31:03.919Z", "updated": "2017-03-22T18:31:03.920Z", "response": 1, "question": 3}}, {"model": "survey.answerbase", "pk": 5, "fields": {"created": "2017-03-22T18:31:03.963Z", "updated": "2017-03-22T18:31:03.963Z", "response": 1, "question": 2}}, {"model": "survey.answerbase", "pk": 6, "fields": {"created": "2017-03-22T18:33:17.152Z", "updated": "2017-03-22T18:33:17.152Z", "response": 2, "question": 5}}, {"model": "survey.answerbase", "pk": 7, "fields": {"created": "2017-03-22T18:33:17.202Z", "updated": "2017-03-22T18:33:17.202Z", "response": 2, "question": 1}}, {"model": "survey.answerbase", "pk": 8, "fields": {"created": "2017-03-22T18:33:17.243Z", "updated": "2017-03-22T18:33:17.243Z", "response": 2, "question": 4}}, {"model": "survey.answerbase", "pk": 9, "fields": {"created": "2017-03-22T18:33:17.285Z", "updated": "2017-03-22T18:33:17.285Z", "response": 2, "question": 3}}, {"model": "survey.answerbase", "pk": 10, "fields": {"created": "2017-03-22T18:33:17.328Z", "updated": "2017-03-22T18:33:17.328Z", "response": 2, "question": 2}}, {"model": "survey.answerbase", "pk": 11, "fields": {"created": "2017-03-22T18:33:41.833Z", "updated": "2017-03-22T18:33:41.833Z", "response": 3, "question": 5}}, {"model": "survey.answerbase", "pk": 12, "fields": {"created": "2017-03-22T18:33:41.872Z", "updated": "2017-03-22T18:33:41.872Z", "response": 3, "question": 1}}, {"model": "survey.answerbase", "pk": 13, "fields": {"created": "2017-03-22T18:33:41.918Z", "updated": "2017-03-22T18:33:41.919Z", "response": 3, "question": 4}}, {"model": "survey.answerbase", "pk": 14, "fields": {"created": "2017-03-22T18:33:41.983Z", "updated": "2017-03-22T18:33:41.983Z", "response": 3, "question": 3}}, {"model": "survey.answerbase", "pk": 15, "fields": {"created": "2017-03-22T18:33:42.030Z", "updated": "2017-03-22T18:33:42.030Z", "response": 3, "question": 2}}, {"model": "survey.answerbase", "pk": 16, "fields": {"created": "2017-03-22T20:11:56.949Z", "updated": "2017-03-22T20:11:56.950Z", "response": 4, "question": 1}}, {"model": "survey.answerbase", "pk": 17, "fields": {"created": "2017-03-22T20:11:57.004Z", "updated": "2017-03-22T20:11:57.004Z", "response": 4, "question": 3}}, {"model": "survey.answerbase", "pk": 18, "fields": {"created": "2017-03-22T20:11:57.057Z", "updated": "2017-03-22T20:11:57.057Z", "response": 4, "question": 2}}, {"model": "survey.answerbase", "pk": 19, "fields": {"created": "2017-03-22T20:11:57.105Z", "updated": "2017-03-22T20:11:57.105Z", "response": 4, "question": 4}}, {"model": "survey.answerbase", "pk": 20, "fields": {"created": "2017-03-22T20:11:57.161Z", "updated": "2017-03-22T20:11:57.162Z", "response": 4, "question": 5}}, {"model": "survey.answertext", "pk": 1, "fields": {"body": ""}}, {"model": "survey.answertext", "pk": 2, "fields": {"body": ""}}, {"model": "survey.answertext", "pk": 3, "fields": {"body": ""}}, {"model": "survey.answertext", "pk": 4, "fields": {"body": ""}}, {"model": "survey.answertext", "pk": 5, "fields": {"body": ""}}, {"model": "survey.answertext", "pk": 6, "fields": {"body": ""}}, {"model": "survey.answertext", "pk": 7, "fields": {"body": ""}}, {"model": "survey.answertext", "pk": 8, "fields": {"body": ""}}, {"model": "survey.answertext", "pk": 9, "fields": {"body": ""}}, {"model": "survey.answertext", "pk": 10, "fields": {"body": ""}}, {"model": "survey.answertext", "pk": 11, "fields": {"body": ""}}, {"model": "survey.answertext", "pk": 12, "fields": {"body": ""}}, {"model": "survey.answertext", "pk": 13, "fields": {"body": ""}}, {"model": "survey.answertext", "pk": 14, "fields": {"body": ""}}, {"model": "survey.answertext", "pk": 15, "fields": {"body": ""}}, {"model": "survey.answertext", "pk": 16, "fields": {"body": "does it work"}}, {"model": "survey.answertext", "pk": 17, "fields": {"body": ""}}, {"model": "survey.answertext", "pk": 18, "fields": {"body": ""}}, {"model": "survey.answertext", "pk": 19, "fields": {"body": ""}}, {"model": "survey.answertext", "pk": 20, "fields": {"body": ""}}, {"model": "auth.permission", "pk": 1, "fields": {"codename": "add_permission", "name": "Can add permission", "content_type": 1}}, {"model": "auth.permission", "pk": 2, "fields": {"codename": "change_permission", "name": "Can change permission", "content_type": 1}}, {"model": "auth.permission", "pk": 3, "fields": {"codename": "delete_permission", "name": "Can delete permission", "content_type": 1}}, {"model": "auth.permission", "pk": 4, "fields": {"codename": "add_group", "name": "Can add group", "content_type": 2}}, {"model": "auth.permission", "pk": 5, "fields": {"codename": "change_group", "name": "Can change group", "content_type": 2}}, {"model": "auth.permission", "pk": 6, "fields": {"codename": "delete_group", "name": "Can delete group", "content_type": 2}}, {"model": "auth.permission", "pk": 7, "fields": {"codename": "add_user", "name": "Can add user", "content_type": 3}}, {"model": "auth.permission", "pk": 8, "fields": {"codename": "change_user", "name": "Can change user", "content_type": 3}}, {"model": "auth.permission", "pk": 9, "fields": {"codename": "delete_user", "name": "Can delete user", "content_type": 3}}, {"model": "auth.permission", "pk": 10, "fields": {"codename": "add_contenttype", "name": "Can add content type", "content_type": 4}}, {"model": "auth.permission", "pk": 11, "fields": {"codename": "change_contenttype", "name": "Can change content type", "content_type": 4}}, {"model": "auth.permission", "pk": 12, "fields": {"codename": "delete_contenttype", "name": "Can delete content type", "content_type": 4}}, {"model": "auth.permission", "pk": 13, "fields": {"codename": "add_session", "name": "Can add session", "content_type": 5}}, {"model": "auth.permission", "pk": 14, "fields": {"codename": "change_session", "name": "Can change session", "content_type": 5}}, {"model": "auth.permission", "pk": 15, "fields": {"codename": "delete_session", "name": "Can delete session", "content_type": 5}}, {"model": "auth.permission", "pk": 16, "fields": {"codename": "add_site", "name": "Can add site", "content_type": 6}}, {"model": "auth.permission", "pk": 17, "fields": {"codename": "change_site", "name": "Can change site", "content_type": 6}}, {"model": "auth.permission", "pk": 18, "fields": {"codename": "delete_site", "name": "Can delete site", "content_type": 6}}, {"model": "auth.permission", "pk": 19, "fields": {"codename": "add_logentry", "name": "Can add log entry", "content_type": 7}}, {"model": "auth.permission", "pk": 20, "fields": {"codename": "change_logentry", "name": "Can change log entry", "content_type": 7}}, {"model": "auth.permission", "pk": 21, "fields": {"codename": "delete_logentry", "name": "Can delete log entry", "content_type": 7}}, {"model": "auth.permission", "pk": 22, "fields": {"codename": "add_survey", "name": "Can add survey", "content_type": 8}}, {"model": "auth.permission", "pk": 23, "fields": {"codename": "change_survey", "name": "Can change survey", "content_type": 8}}, {"model": "auth.permission", "pk": 24, "fields": {"codename": "delete_survey", "name": "Can delete survey", "content_type": 8}}, {"model": "auth.permission", "pk": 25, "fields": {"codename": "add_category", "name": "Can add category", "content_type": 9}}, {"model": "auth.permission", "pk": 26, "fields": {"codename": "change_category", "name": "Can change category", "content_type": 9}}, {"model": "auth.permission", "pk": 27, "fields": {"codename": "delete_category", "name": "Can delete category", "content_type": 9}}, {"model": "auth.permission", "pk": 28, "fields": {"codename": "add_question", "name": "Can add question", "content_type": 10}}, {"model": "auth.permission", "pk": 29, "fields": {"codename": "change_question", "name": "Can change question", "content_type": 10}}, {"model": "auth.permission", "pk": 30, "fields": {"codename": "delete_question", "name": "Can delete question", "content_type": 10}}, {"model": "auth.permission", "pk": 31, "fields": {"codename": "add_response", "name": "Can add response", "content_type": 11}}, {"model": "auth.permission", "pk": 32, "fields": {"codename": "change_response", "name": "Can change response", "content_type": 11}}, {"model": "auth.permission", "pk": 33, "fields": {"codename": "delete_response", "name": "Can delete response", "content_type": 11}}, {"model": "auth.permission", "pk": 34, "fields": {"codename": "add_answerbase", "name": "Can add answer base", "content_type": 12}}, {"model": "auth.permission", "pk": 35, "fields": {"codename": "change_answerbase", "name": "Can change answer base", "content_type": 12}}, {"model": "auth.permission", "pk": 36, "fields": {"codename": "delete_answerbase", "name": "Can delete answer base", "content_type": 12}}, {"model": "auth.permission", "pk": 37, "fields": {"codename": "add_answertext", "name": "Can add answer text", "content_type": 13}}, {"model": "auth.permission", "pk": 38, "fields": {"codename": "change_answertext", "name": "Can change answer text", "content_type": 13}}, {"model": "auth.permission", "pk": 39, "fields": {"codename": "delete_answertext", "name": "Can delete answer text", "content_type": 13}}, {"model": "auth.permission", "pk": 40, "fields": {"codename": "add_answerradio", "name": "Can add answer radio", "content_type": 14}}, {"model": "auth.permission", "pk": 41, "fields": {"codename": "change_answerradio", "name": "Can change answer radio", "content_type": 14}}, {"model": "auth.permission", "pk": 42, "fields": {"codename": "delete_answerradio", "name": "Can delete answer radio", "content_type": 14}}, {"model": "auth.permission", "pk": 43, "fields": {"codename": "add_answerselect", "name": "Can add answer select", "content_type": 15}}, {"model": "auth.permission", "pk": 44, "fields": {"codename": "change_answerselect", "name": "Can change answer select", "content_type": 15}}, {"model": "auth.permission", "pk": 45, "fields": {"codename": "delete_answerselect", "name": "Can delete answer select", "content_type": 15}}, {"model": "auth.permission", "pk": 46, "fields": {"codename": "add_answerselectmultiple", "name": "Can add answer select multiple", "content_type": 16}}, {"model": "auth.permission", "pk": 47, "fields": {"codename": "change_answerselectmultiple", "name": "Can change answer select multiple", "content_type": 16}}, {"model": "auth.permission", "pk": 48, "fields": {"codename": "delete_answerselectmultiple", "name": "Can delete answer select multiple", "content_type": 16}}, {"model": "auth.permission", "pk": 49, "fields": {"codename": "add_answerinteger", "name": "Can add answer integer", "content_type": 17}}, {"model": "auth.permission", "pk": 50, "fields": {"codename": "change_answerinteger", "name": "Can change answer integer", "content_type": 17}}, {"model": "auth.permission", "pk": 51, "fields": {"codename": "delete_answerinteger", "name": "Can delete answer integer", "content_type": 17}}, {"model": "auth.permission", "pk": 52, "fields": {"codename": "add_fileupload", "name": "Can add file upload", "content_type": 18}}, {"model": "auth.permission", "pk": 53, "fields": {"codename": "change_fileupload", "name": "Can change file upload", "content_type": 18}}, {"model": "auth.permission", "pk": 54, "fields": {"codename": "delete_fileupload", "name": "Can delete file upload", "content_type": 18}}, {"model": "auth.permission", "pk": 55, "fields": {"codename": "add_comment", "name": "Can add comment", "content_type": 19}}, {"model": "auth.permission", "pk": 56, "fields": {"codename": "change_comment", "name": "Can change comment", "content_type": 19}}, {"model": "auth.permission", "pk": 57, "fields": {"codename": "delete_comment", "name": "Can delete comment", "content_type": 19}}, {"model": "auth.user", "pk": 1, "fields": {"is_active": true, "is_staff": true, "email": "admin@admin.com", "groups": [], "last_name": "", "last_login": "2017-03-22T18:33:34.436Z", "is_superuser": true, "first_name": "", "user_permissions": [], "password": "pbkdf2_sha256$20000$8HqrT4HVoemT$iZOlQbaV4OECBiAOKoKiNxOCCZVEzWobHAW9+mR+aO8=", "date_joined": "2017-03-22T18:18:20.694Z", "username": "admin"}}, {"model": "auth.user", "pk": 2, "fields": {"is_active": true, "is_staff": false, "email": "", "groups": [], "last_name": "", "last_login": "2017-03-22T18:30:55.039Z", "is_superuser": true, "first_name": "", "user_permissions": [], "password": "pbkdf2_sha256$20000$XzlNgbSnk17p$BNktuBcveto5J8m4AeT3jzmaMXD+cpo4qRuJcTgVJ6g=", "date_joined": "2017-03-22T18:24:12Z", "username": "Jim"}}, {"model": "auth.user", "pk": 3, "fields": {"is_active": true, "is_staff": false, "email": "", "groups": [], "last_name": "", "last_login": "2017-03-22T18:33:08.157Z", "is_superuser": false, "first_name": "", "user_permissions": [], "password": "pbkdf2_sha256$20000$ktsPX1jKTYFn$NCL2W+Cg3dXLZu5nSSbKTqEhHkCZ9VXgAiYE2YBytKM=", "date_joined": "2017-03-22T18:24:27.963Z", "username": "Andy"}}, {"model": "admin.logentry", "pk": 1, "fields": {"object_id": "2", "change_message": "", "user": 1, "content_type": 3, "action_time": "2017-03-22T18:24:12.366Z", "action_flag": 1, "object_repr": "Jim"}}, {"model": "admin.logentry", "pk": 2, "fields": {"object_id": "2", "change_message": "Changed is_superuser.", "user": 1, "content_type": 3, "action_time": "2017-03-22T18:24:18.974Z", "action_flag": 2, "object_repr": "Jim"}}, {"model": "admin.logentry", "pk": 3, "fields": {"object_id": "3", "change_message": "", "user": 1, "content_type": 3, "action_time": "2017-03-22T18:24:27.995Z", "action_flag": 1, "object_repr": "Andy"}}, {"model": "admin.logentry", "pk": 4, "fields": {"object_id": "1", "change_message": "", "user": 1, "content_type": 8, "action_time": "2017-03-22T18:25:52.839Z", "action_flag": 1, "object_repr": "Survey object"}}, {"model": "admin.logentry", "pk": 5, "fields": {"object_id": "1", "change_message": "Added question \"Question object\". Added question \"Question object\". Added question \"Question object\". Changed category and choices for question \"Question object\". Changed category and choices for question \"Question object\".", "user": 1, "content_type": 8, "action_time": "2017-03-22T18:26:53.213Z", "action_flag": 2, "object_repr": "Survey object"}}, {"model": "survey.response", "pk": 1, "fields": {"created": "2017-03-22T18:31:03.717Z", "title": "General", "draft": false, "updated": "2017-03-22T18:31:03.717Z", "author": 2, "survey": 1, "filelist": "[]", "interview_uuid": "6cd4dfffacf04b149f58c0b66cf73ada"}}, {"model": "survey.response", "pk": 2, "fields": {"created": "2017-03-22T18:33:17.077Z", "title": "General", "draft": false, "updated": "2017-03-22T18:33:17.077Z", "author": 3, "survey": 1, "filelist": "[]", "interview_uuid": "5b954a7fdc394c1d8928bbac1a08b9bb"}}, {"model": "survey.response", "pk": 3, "fields": {"created": "2017-03-22T18:33:41.755Z", "title": "General", "draft": false, "updated": "2017-03-22T18:33:41.755Z", "author": 1, "survey": 1, "filelist": "[]", "interview_uuid": "87e28b44ca484851aaebf21403dddc3c"}}, {"model": "survey.response", "pk": 4, "fields": {"created": "2017-03-22T20:11:56.902Z", "title": "test draft", "draft": true, "updated": "2017-03-22T20:11:56.902Z", "author": 1, "survey": 1, "filelist": "[]", "interview_uuid": "5bf5fc8f365846d6b8040b6a701db0ff"}}, {"model": "survey.comment", "pk": 1, "fields": {"text": "test message", "created_date": "2017-03-22T20:12:40.037Z", "response": 3, "author": 1}}]